<?xml version="1.0"?>
<doc>
    <assembly>
        <name>HallOfFame</name>
    </assembly>
    <members>
        <member name="T:DotNetNuke.Modules.HallOfFame.Settings">
            -----------------------------------------------------------------------------
            <summary>
            The Settings class manages Module Settings
            </summary>
            -----------------------------------------------------------------------------
            <summary>
            Settings class.
            </summary>
            <remarks>
            Auto-generated class.
            </remarks>
        </member>
        <member name="M:DotNetNuke.Modules.HallOfFame.Settings.LoadSettings">
            -----------------------------------------------------------------------------
            <summary>
            LoadSettings loads the settings from the Database and displays them
            </summary>
            -----------------------------------------------------------------------------
        </member>
        <member name="M:DotNetNuke.Modules.HallOfFame.Settings.UpdateSettings">
            -----------------------------------------------------------------------------
            <summary>
            UpdateSettings saves the modified settings to the Database
            </summary>
            -----------------------------------------------------------------------------
        </member>
        <member name="T:DotNetNuke.Modules.HallOfFame.Data.SqlDataProvider">
            -----------------------------------------------------------------------------
            <summary>
            SQL Server implementation of the abstract DataProvider class
            </summary>
            -----------------------------------------------------------------------------
        </member>
        <member name="T:DotNetNuke.Modules.HallOfFame.Data.DataProvider">
            -----------------------------------------------------------------------------
            <summary>
            An abstract class for the data access layer
            </summary>
            -----------------------------------------------------------------------------
        </member>
        <member name="T:DotNetNuke.Modules.HallOfFame.View">
            -----------------------------------------------------------------------------
            <summary>
            The ViewHallOfFame class displays the content
            </summary>
            -----------------------------------------------------------------------------
        </member>
        <member name="M:DotNetNuke.Modules.HallOfFame.View.Page_Load(System.Object,System.EventArgs)">
            -----------------------------------------------------------------------------
            <summary>
            Page_Load runs when the control is loaded
            </summary>
            -----------------------------------------------------------------------------
        </member>
        <member name="F:DotNetNuke.Modules.HallOfFame.View.weeklyLink">
            <summary>
            weeklyLink control.
            </summary>
            <remarks>
            Auto-generated field.
            To modify move field declaration from designer file to code-behind file.
            </remarks>
        </member>
        <member name="F:DotNetNuke.Modules.HallOfFame.View.monthlyLink">
            <summary>
            monthlyLink control.
            </summary>
            <remarks>
            Auto-generated field.
            To modify move field declaration from designer file to code-behind file.
            </remarks>
        </member>
        <member name="F:DotNetNuke.Modules.HallOfFame.View.allLink">
            <summary>
            allLink control.
            </summary>
            <remarks>
            Auto-generated field.
            To modify move field declaration from designer file to code-behind file.
            </remarks>
        </member>
        <member name="F:DotNetNuke.Modules.HallOfFame.View.ImageTopUser1">
            <summary>
            ImageTopUser1 control.
            </summary>
            <remarks>
            Auto-generated field.
            To modify move field declaration from designer file to code-behind file.
            </remarks>
        </member>
        <member name="F:DotNetNuke.Modules.HallOfFame.View.hprlnk_TopUser1">
            <summary>
            hprlnk_TopUser1 control.
            </summary>
            <remarks>
            Auto-generated field.
            To modify move field declaration from designer file to code-behind file.
            </remarks>
        </member>
        <member name="F:DotNetNuke.Modules.HallOfFame.View.LabelTopUser1">
            <summary>
            LabelTopUser1 control.
            </summary>
            <remarks>
            Auto-generated field.
            To modify move field declaration from designer file to code-behind file.
            </remarks>
        </member>
        <member name="F:DotNetNuke.Modules.HallOfFame.View.ImageTopUser2">
            <summary>
            ImageTopUser2 control.
            </summary>
            <remarks>
            Auto-generated field.
            To modify move field declaration from designer file to code-behind file.
            </remarks>
        </member>
        <member name="F:DotNetNuke.Modules.HallOfFame.View.hprlnk_TopUser2">
            <summary>
            hprlnk_TopUser2 control.
            </summary>
            <remarks>
            Auto-generated field.
            To modify move field declaration from designer file to code-behind file.
            </remarks>
        </member>
        <member name="F:DotNetNuke.Modules.HallOfFame.View.LabelTopUser2">
            <summary>
            LabelTopUser2 control.
            </summary>
            <remarks>
            Auto-generated field.
            To modify move field declaration from designer file to code-behind file.
            </remarks>
        </member>
        <member name="F:DotNetNuke.Modules.HallOfFame.View.ImageTopUser3">
            <summary>
            ImageTopUser3 control.
            </summary>
            <remarks>
            Auto-generated field.
            To modify move field declaration from designer file to code-behind file.
            </remarks>
        </member>
        <member name="F:DotNetNuke.Modules.HallOfFame.View.hprlnk_TopUser3">
            <summary>
            hprlnk_TopUser3 control.
            </summary>
            <remarks>
            Auto-generated field.
            To modify move field declaration from designer file to code-behind file.
            </remarks>
        </member>
        <member name="F:DotNetNuke.Modules.HallOfFame.View.LabelTopUser3">
            <summary>
            LabelTopUser3 control.
            </summary>
            <remarks>
            Auto-generated field.
            To modify move field declaration from designer file to code-behind file.
            </remarks>
        </member>
        <member name="F:DotNetNuke.Modules.HallOfFame.View.ImageTopUser4">
            <summary>
            ImageTopUser4 control.
            </summary>
            <remarks>
            Auto-generated field.
            To modify move field declaration from designer file to code-behind file.
            </remarks>
        </member>
        <member name="F:DotNetNuke.Modules.HallOfFame.View.hprlnk_TopUser4">
            <summary>
            hprlnk_TopUser4 control.
            </summary>
            <remarks>
            Auto-generated field.
            To modify move field declaration from designer file to code-behind file.
            </remarks>
        </member>
        <member name="F:DotNetNuke.Modules.HallOfFame.View.LabelTopUser4">
            <summary>
            LabelTopUser4 control.
            </summary>
            <remarks>
            Auto-generated field.
            To modify move field declaration from designer file to code-behind file.
            </remarks>
        </member>
        <member name="F:DotNetNuke.Modules.HallOfFame.View.ImageTopUser5">
            <summary>
            ImageTopUser5 control.
            </summary>
            <remarks>
            Auto-generated field.
            To modify move field declaration from designer file to code-behind file.
            </remarks>
        </member>
        <member name="F:DotNetNuke.Modules.HallOfFame.View.hprlnk_TopUser5">
            <summary>
            hprlnk_TopUser5 control.
            </summary>
            <remarks>
            Auto-generated field.
            To modify move field declaration from designer file to code-behind file.
            </remarks>
        </member>
        <member name="F:DotNetNuke.Modules.HallOfFame.View.LabelTopUser5">
            <summary>
            LabelTopUser5 control.
            </summary>
            <remarks>
            Auto-generated field.
            To modify move field declaration from designer file to code-behind file.
            </remarks>
        </member>
        <member name="T:DotNetNuke.Modules.HallOfFame.Components.FeatureController">
            -----------------------------------------------------------------------------
            <summary>
            The Controller class for HallOfFame
            </summary>
            -----------------------------------------------------------------------------
        </member>
        <member name="M:DotNetNuke.Modules.HallOfFame.Components.FeatureController.ExportModule(System.Int32)">
            -----------------------------------------------------------------------------
            <summary>
            ExportModule implements the IPortable ExportModule Interface
            </summary>
            <param name="ModuleID">The Id of the module to be exported</param>
            -----------------------------------------------------------------------------
        </member>
        <member name="M:DotNetNuke.Modules.HallOfFame.Components.FeatureController.ImportModule(System.Int32,System.String,System.String,System.Int32)">
            -----------------------------------------------------------------------------
            <summary>
            ImportModule implements the IPortable ImportModule Interface
            </summary>
            <param name="ModuleID">The Id of the module to be imported</param>
            <param name="Content">The content to be imported</param>
            <param name="Version">The version of the module to be imported</param>
            <param name="UserId">The Id of the user performing the import</param>
            -----------------------------------------------------------------------------
        </member>
        <member name="M:DotNetNuke.Modules.HallOfFame.Components.FeatureController.GetSearchItems(DotNetNuke.Entities.Modules.ModuleInfo)">
            -----------------------------------------------------------------------------
            <summary>
            GetSearchItems implements the ISearchable Interface
            </summary>
            <param name="ModInfo">The ModuleInfo for the module to be Indexed</param>
            -----------------------------------------------------------------------------
        </member>
        <member name="M:DotNetNuke.Modules.HallOfFame.Components.FeatureController.UpgradeModule(System.String)">
            -----------------------------------------------------------------------------
            <summary>
            UpgradeModule implements the IUpgradeable Interface
            </summary>
            <param name="Version">The current version of the module</param>
            -----------------------------------------------------------------------------
        </member>
        <member name="T:DotNetNuke.Modules.HallOfFame.Edit">
            -----------------------------------------------------------------------------
            <summary>
            The EditHallOfFame class is used to manage content
            </summary>
            -----------------------------------------------------------------------------
            <summary>
            EditHallOfFame class.
            </summary>
            <remarks>
            Auto-generated class.
            </remarks>
        </member>
        <member name="M:DotNetNuke.Modules.HallOfFame.Edit.Page_Load(System.Object,System.EventArgs)">
            -----------------------------------------------------------------------------
            <summary>
            Page_Load runs when the control is loaded
            </summary>
            -----------------------------------------------------------------------------
        </member>
    </members>
</doc>
