<?xml version="1.0"?>
<doc>
    <assembly>
        <name>Ourspace_Utilities</name>
    </assembly>
    <members>
        <member name="T:DotNetNuke.Modules.Ourspace_Utilities.Components.FeatureController">
            -----------------------------------------------------------------------------
            <summary>
            The Controller class for Ourspace_Utilities
            </summary>
            -----------------------------------------------------------------------------
        </member>
        <member name="M:DotNetNuke.Modules.Ourspace_Utilities.Components.FeatureController.ExportModule(System.Int32)">
            -----------------------------------------------------------------------------
            <summary>
            ExportModule implements the IPortable ExportModule Interface
            </summary>
            <param name="ModuleID">The Id of the module to be exported</param>
            -----------------------------------------------------------------------------
        </member>
        <member name="M:DotNetNuke.Modules.Ourspace_Utilities.Components.FeatureController.ImportModule(System.Int32,System.String,System.String,System.Int32)">
            -----------------------------------------------------------------------------
            <summary>
            ImportModule implements the IPortable ImportModule Interface
            </summary>
            <param name="ModuleID">The Id of the module to be imported</param>
            <param name="Content">The content to be imported</param>
            <param name="Version">The version of the module to be imported</param>
            <param name="UserId">The Id of the user performing the import</param>
            -----------------------------------------------------------------------------
        </member>
        <member name="M:DotNetNuke.Modules.Ourspace_Utilities.Components.FeatureController.GetSearchItems(DotNetNuke.Entities.Modules.ModuleInfo)">
            -----------------------------------------------------------------------------
            <summary>
            GetSearchItems implements the ISearchable Interface
            </summary>
            <param name="ModInfo">The ModuleInfo for the module to be Indexed</param>
            -----------------------------------------------------------------------------
        </member>
        <member name="M:DotNetNuke.Modules.Ourspace_Utilities.Components.FeatureController.UpgradeModule(System.String)">
            -----------------------------------------------------------------------------
            <summary>
            UpgradeModule implements the IUpgradeable Interface
            </summary>
            <param name="Version">The current version of the module</param>
            -----------------------------------------------------------------------------
        </member>
        <member name="T:DotNetNuke.Modules.Ourspace_Utilities.Edit">
            -----------------------------------------------------------------------------
            <summary>
            The EditOurspace_Utilities class is used to manage content
            </summary>
            -----------------------------------------------------------------------------
            <summary>
            EditOurspace_Utilities class.
            </summary>
            <remarks>
            Auto-generated class.
            </remarks>
        </member>
        <member name="M:DotNetNuke.Modules.Ourspace_Utilities.Edit.Page_Load(System.Object,System.EventArgs)">
            -----------------------------------------------------------------------------
            <summary>
            Page_Load runs when the control is loaded
            </summary>
            -----------------------------------------------------------------------------
        </member>
        <member name="T:DotNetNuke.Modules.Ourspace_Utilities.Data.SqlDataProvider">
            -----------------------------------------------------------------------------
            <summary>
            SQL Server implementation of the abstract DataProvider class
            </summary>
            -----------------------------------------------------------------------------
        </member>
        <member name="T:DotNetNuke.Modules.Ourspace_Utilities.Data.DataProvider">
            -----------------------------------------------------------------------------
            <summary>
            An abstract class for the data access layer
            </summary>
            -----------------------------------------------------------------------------
        </member>
        <member name="T:DotNetNuke.Modules.Ourspace_Utilities.View">
            <summary>
            ViewOurspace_Utilities class.
            </summary>
            <remarks>
            Auto-generated class.
            </remarks>
            -----------------------------------------------------------------------------
            <summary>
            The ViewOurspace_Utilities class displays the content
            </summary>
            -----------------------------------------------------------------------------
        </member>
        <member name="M:DotNetNuke.Modules.Ourspace_Utilities.View.Page_Load(System.Object,System.EventArgs)">
            -----------------------------------------------------------------------------
            <summary>
            Page_Load runs when the control is loaded
            </summary>
            -----------------------------------------------------------------------------
        </member>
        <member name="M:DotNetNuke.Modules.Ourspace_Utilities.View.SendEmailToThreadTrackersAboutMovingToPhase4(System.Int32,System.Int32)">
            <summary>
            
            </summary>
            <param name="threadId"></param>
            <param name="postId"></param>
            <returns>The url of the thread in its new phase</returns>
        </member>
        <member name="M:DotNetNuke.Modules.Ourspace_Utilities.View.TranslateText(System.String,System.String,System.String,System.String)">
            <summary>
            
            </summary>
            <param name="from">en</param>
            <param name="to">el</param>
            <param name="accessToken"></param>
            <returns></returns>
        </member>
        <member name="T:DotNetNuke.Modules.Ourspace_Utilities.Settings">
            -----------------------------------------------------------------------------
            <summary>
            The Settings class manages Module Settings
            </summary>
            -----------------------------------------------------------------------------
            <summary>
            Settings class.
            </summary>
            <remarks>
            Auto-generated class.
            </remarks>
        </member>
        <member name="M:DotNetNuke.Modules.Ourspace_Utilities.Settings.LoadSettings">
            -----------------------------------------------------------------------------
            <summary>
            LoadSettings loads the settings from the Database and displays them
            </summary>
            -----------------------------------------------------------------------------
        </member>
        <member name="M:DotNetNuke.Modules.Ourspace_Utilities.Settings.UpdateSettings">
            -----------------------------------------------------------------------------
            <summary>
            UpdateSettings saves the modified settings to the Database
            </summary>
            -----------------------------------------------------------------------------
        </member>
    </members>
</doc>
