<?xml version="1.0"?>
<doc>
    <assembly>
        <name>Ourspace_SolutionManager2</name>
    </assembly>
    <members>
        <member name="T:DotNetNuke.Modules.Ourspace_SolutionManager2.Data.DataProvider">
            -----------------------------------------------------------------------------
            <summary>
            An abstract class for the data access layer
            </summary>
            -----------------------------------------------------------------------------
        </member>
        <member name="T:DotNetNuke.Modules.Ourspace_SolutionManager2.Edit">
            -----------------------------------------------------------------------------
            <summary>
            The EditOurspace_SolutionManager2 class is used to manage content
            </summary>
            -----------------------------------------------------------------------------
            <summary>
            EditOurspace_SolutionManager2 class.
            </summary>
            <remarks>
            Auto-generated class.
            </remarks>
        </member>
        <member name="M:DotNetNuke.Modules.Ourspace_SolutionManager2.Edit.Page_Load(System.Object,System.EventArgs)">
            -----------------------------------------------------------------------------
            <summary>
            Page_Load runs when the control is loaded
            </summary>
            -----------------------------------------------------------------------------
        </member>
        <member name="T:DotNetNuke.Modules.Ourspace_SolutionManager2.Settings">
            <summary>
            Settings class.
            </summary>
            <remarks>
            Auto-generated class.
            </remarks>
            -----------------------------------------------------------------------------
            <summary>
            The Settings class manages Module Settings
            </summary>
            -----------------------------------------------------------------------------
        </member>
        <member name="M:DotNetNuke.Modules.Ourspace_SolutionManager2.Settings.LoadSettings">
            -----------------------------------------------------------------------------
            <summary>
            LoadSettings loads the settings from the Database and displays them
            </summary>
            -----------------------------------------------------------------------------
        </member>
        <member name="M:DotNetNuke.Modules.Ourspace_SolutionManager2.Settings.UpdateSettings">
            -----------------------------------------------------------------------------
            <summary>
            UpdateSettings saves the modified settings to the Database
            </summary>
            -----------------------------------------------------------------------------
        </member>
        <member name="T:DotNetNuke.Modules.Ourspace_SolutionManager2.Data.SqlDataProvider">
            -----------------------------------------------------------------------------
            <summary>
            SQL Server implementation of the abstract DataProvider class
            </summary>
            -----------------------------------------------------------------------------
        </member>
        <member name="T:DotNetNuke.Modules.Ourspace_SolutionManager2.View">
            -----------------------------------------------------------------------------
            <summary>
            The ViewOurspace_SolutionManager2 class displays the content
            </summary>
            -----------------------------------------------------------------------------
        </member>
        <member name="F:DotNetNuke.Modules.Ourspace_SolutionManager2.View.Label3">
            <summary>
            Label3 control.
            </summary>
            <remarks>
            Auto-generated field.
            To modify move field declaration from designer file to code-behind file.
            </remarks>
        </member>
        <member name="F:DotNetNuke.Modules.Ourspace_SolutionManager2.View.lbl_Phase3Info">
            <summary>
            lbl_Phase3Info control.
            </summary>
            <remarks>
            Auto-generated field.
            To modify move field declaration from designer file to code-behind file.
            </remarks>
        </member>
        <member name="F:DotNetNuke.Modules.Ourspace_SolutionManager2.View.pnlNational">
            <summary>
            pnlNational control.
            </summary>
            <remarks>
            Auto-generated field.
            To modify move field declaration from designer file to code-behind file.
            </remarks>
        </member>
        <member name="F:DotNetNuke.Modules.Ourspace_SolutionManager2.View.pnlViewingNational">
            <summary>
            pnlViewingNational control.
            </summary>
            <remarks>
            Auto-generated field.
            To modify move field declaration from designer file to code-behind file.
            </remarks>
        </member>
        <member name="F:DotNetNuke.Modules.Ourspace_SolutionManager2.View.Label10">
            <summary>
            Label10 control.
            </summary>
            <remarks>
            Auto-generated field.
            To modify move field declaration from designer file to code-behind file.
            </remarks>
        </member>
        <member name="F:DotNetNuke.Modules.Ourspace_SolutionManager2.View.lnkbtnViewAllLanguages">
            <summary>
            lnkbtnViewAllLanguages control.
            </summary>
            <remarks>
            Auto-generated field.
            To modify move field declaration from designer file to code-behind file.
            </remarks>
        </member>
        <member name="F:DotNetNuke.Modules.Ourspace_SolutionManager2.View.pnlViewingAll">
            <summary>
            pnlViewingAll control.
            </summary>
            <remarks>
            Auto-generated field.
            To modify move field declaration from designer file to code-behind file.
            </remarks>
        </member>
        <member name="F:DotNetNuke.Modules.Ourspace_SolutionManager2.View.Label11">
            <summary>
            Label11 control.
            </summary>
            <remarks>
            Auto-generated field.
            To modify move field declaration from designer file to code-behind file.
            </remarks>
        </member>
        <member name="F:DotNetNuke.Modules.Ourspace_SolutionManager2.View.lnkbtnViewOwnLanguage">
            <summary>
            lnkbtnViewOwnLanguage control.
            </summary>
            <remarks>
            Auto-generated field.
            To modify move field declaration from designer file to code-behind file.
            </remarks>
        </member>
        <member name="F:DotNetNuke.Modules.Ourspace_SolutionManager2.View.lblTitlePart1">
            <summary>
            lblTitlePart1 control.
            </summary>
            <remarks>
            Auto-generated field.
            To modify move field declaration from designer file to code-behind file.
            </remarks>
        </member>
        <member name="F:DotNetNuke.Modules.Ourspace_SolutionManager2.View.lblTopicsCount">
            <summary>
            lblTopicsCount control.
            </summary>
            <remarks>
            Auto-generated field.
            To modify move field declaration from designer file to code-behind file.
            </remarks>
        </member>
        <member name="F:DotNetNuke.Modules.Ourspace_SolutionManager2.View.lblTitle">
            <summary>
            lblTitle control.
            </summary>
            <remarks>
            Auto-generated field.
            To modify move field declaration from designer file to code-behind file.
            </remarks>
        </member>
        <member name="F:DotNetNuke.Modules.Ourspace_SolutionManager2.View.lstvw_ResultsSnippets">
            <summary>
            lstvw_ResultsSnippets control.
            </summary>
            <remarks>
            Auto-generated field.
            To modify move field declaration from designer file to code-behind file.
            </remarks>
        </member>
        <member name="F:DotNetNuke.Modules.Ourspace_SolutionManager2.View.lstvw_ActiveDiscussions">
            <summary>
            lstvw_ActiveDiscussions control.
            </summary>
            <remarks>
            Auto-generated field.
            To modify move field declaration from designer file to code-behind file.
            </remarks>
        </member>
        <member name="F:DotNetNuke.Modules.Ourspace_SolutionManager2.View.sqldtsrc_Solutions">
            <summary>
            sqldtsrc_Solutions control.
            </summary>
            <remarks>
            Auto-generated field.
            To modify move field declaration from designer file to code-behind file.
            </remarks>
        </member>
        <member name="F:DotNetNuke.Modules.Ourspace_SolutionManager2.View.sqldtsrc_ActiveDiscussions">
            <summary>
            sqldtsrc_ActiveDiscussions control.
            </summary>
            <remarks>
            Auto-generated field.
            To modify move field declaration from designer file to code-behind file.
            </remarks>
        </member>
        <member name="F:DotNetNuke.Modules.Ourspace_SolutionManager2.View.sqldtsrc_ActiveDiscussionsOwnLang">
            <summary>
            sqldtsrc_ActiveDiscussionsOwnLang control.
            </summary>
            <remarks>
            Auto-generated field.
            To modify move field declaration from designer file to code-behind file.
            </remarks>
        </member>
        <member name="F:DotNetNuke.Modules.Ourspace_SolutionManager2.View.sqldtsrc_ActiveDiscussionsByID">
            <summary>
            sqldtsrc_ActiveDiscussionsByID control.
            </summary>
            <remarks>
            Auto-generated field.
            To modify move field declaration from designer file to code-behind file.
            </remarks>
        </member>
        <member name="F:DotNetNuke.Modules.Ourspace_SolutionManager2.View.hdnfld_CurrentProposal">
            <summary>
            hdnfld_CurrentProposal control.
            </summary>
            <remarks>
            Auto-generated field.
            To modify move field declaration from designer file to code-behind file.
            </remarks>
        </member>
        <member name="F:DotNetNuke.Modules.Ourspace_SolutionManager2.View.hdnfld_DiscussionByID">
            <summary>
            hdnfld_DiscussionByID control.
            </summary>
            <remarks>
            Auto-generated field.
            To modify move field declaration from designer file to code-behind file.
            </remarks>
        </member>
        <member name="M:DotNetNuke.Modules.Ourspace_SolutionManager2.View.Page_Load(System.Object,System.EventArgs)">
            -----------------------------------------------------------------------------
            <summary>
            Page_Load runs when the control is loaded
            </summary>
            -----------------------------------------------------------------------------
        </member>
        <member name="T:DotNetNuke.Modules.Ourspace_SolutionManager2.Components.FeatureController">
            -----------------------------------------------------------------------------
            <summary>
            The Controller class for Ourspace_SolutionManager2
            </summary>
            -----------------------------------------------------------------------------
        </member>
        <member name="M:DotNetNuke.Modules.Ourspace_SolutionManager2.Components.FeatureController.ExportModule(System.Int32)">
            -----------------------------------------------------------------------------
            <summary>
            ExportModule implements the IPortable ExportModule Interface
            </summary>
            <param name="ModuleID">The Id of the module to be exported</param>
            -----------------------------------------------------------------------------
        </member>
        <member name="M:DotNetNuke.Modules.Ourspace_SolutionManager2.Components.FeatureController.ImportModule(System.Int32,System.String,System.String,System.Int32)">
            -----------------------------------------------------------------------------
            <summary>
            ImportModule implements the IPortable ImportModule Interface
            </summary>
            <param name="ModuleID">The Id of the module to be imported</param>
            <param name="Content">The content to be imported</param>
            <param name="Version">The version of the module to be imported</param>
            <param name="UserId">The Id of the user performing the import</param>
            -----------------------------------------------------------------------------
        </member>
        <member name="M:DotNetNuke.Modules.Ourspace_SolutionManager2.Components.FeatureController.GetSearchItems(DotNetNuke.Entities.Modules.ModuleInfo)">
            -----------------------------------------------------------------------------
            <summary>
            GetSearchItems implements the ISearchable Interface
            </summary>
            <param name="ModInfo">The ModuleInfo for the module to be Indexed</param>
            -----------------------------------------------------------------------------
        </member>
        <member name="M:DotNetNuke.Modules.Ourspace_SolutionManager2.Components.FeatureController.UpgradeModule(System.String)">
            -----------------------------------------------------------------------------
            <summary>
            UpgradeModule implements the IUpgradeable Interface
            </summary>
            <param name="Version">The current version of the module</param>
            -----------------------------------------------------------------------------
        </member>
    </members>
</doc>
