<?xml version="1.0"?>
<doc>
    <assembly>
        <name>Ourspace_RegistrationWelcome</name>
    </assembly>
    <members>
        <member name="T:DotNetNuke.Modules.Ourspace_RegistrationWelcome.Settings">
            <summary>
            Settings class.
            </summary>
            <remarks>
            Auto-generated class.
            </remarks>
            -----------------------------------------------------------------------------
            <summary>
            The Settings class manages Module Settings
            </summary>
            -----------------------------------------------------------------------------
        </member>
        <member name="M:DotNetNuke.Modules.Ourspace_RegistrationWelcome.Settings.LoadSettings">
            -----------------------------------------------------------------------------
            <summary>
            LoadSettings loads the settings from the Database and displays them
            </summary>
            -----------------------------------------------------------------------------
        </member>
        <member name="M:DotNetNuke.Modules.Ourspace_RegistrationWelcome.Settings.UpdateSettings">
            -----------------------------------------------------------------------------
            <summary>
            UpdateSettings saves the modified settings to the Database
            </summary>
            -----------------------------------------------------------------------------
        </member>
        <member name="T:DotNetNuke.Modules.Ourspace_RegistrationWelcome.View">
            -----------------------------------------------------------------------------
            <summary>
            The ViewOurspace_RegistrationWelcome class displays the content
            </summary>
            -----------------------------------------------------------------------------
        </member>
        <member name="M:DotNetNuke.Modules.Ourspace_RegistrationWelcome.View.Page_Load(System.Object,System.EventArgs)">
            -----------------------------------------------------------------------------
            <summary>
            Page_Load runs when the control is loaded
            </summary>
            -----------------------------------------------------------------------------
        </member>
        <member name="F:DotNetNuke.Modules.Ourspace_RegistrationWelcome.View.lblWelcome">
            <summary>
            lblWelcome control.
            </summary>
            <remarks>
            Auto-generated field.
            To modify move field declaration from designer file to code-behind file.
            </remarks>
        </member>
        <member name="F:DotNetNuke.Modules.Ourspace_RegistrationWelcome.View.lblName">
            <summary>
            lblName control.
            </summary>
            <remarks>
            Auto-generated field.
            To modify move field declaration from designer file to code-behind file.
            </remarks>
        </member>
        <member name="F:DotNetNuke.Modules.Ourspace_RegistrationWelcome.View.Label2">
            <summary>
            Label2 control.
            </summary>
            <remarks>
            Auto-generated field.
            To modify move field declaration from designer file to code-behind file.
            </remarks>
        </member>
        <member name="T:DotNetNuke.Modules.Ourspace_RegistrationWelcome.Edit">
            <summary>
            EditOurspace_RegistrationWelcome class.
            </summary>
            <remarks>
            Auto-generated class.
            </remarks>
            -----------------------------------------------------------------------------
            <summary>
            The EditOurspace_RegistrationWelcome class is used to manage content
            </summary>
            -----------------------------------------------------------------------------
        </member>
        <member name="M:DotNetNuke.Modules.Ourspace_RegistrationWelcome.Edit.Page_Load(System.Object,System.EventArgs)">
            -----------------------------------------------------------------------------
            <summary>
            Page_Load runs when the control is loaded
            </summary>
            -----------------------------------------------------------------------------
        </member>
        <member name="T:DotNetNuke.Modules.Ourspace_RegistrationWelcome.Data.SqlDataProvider">
            -----------------------------------------------------------------------------
            <summary>
            SQL Server implementation of the abstract DataProvider class
            </summary>
            -----------------------------------------------------------------------------
        </member>
        <member name="T:DotNetNuke.Modules.Ourspace_RegistrationWelcome.Data.DataProvider">
            -----------------------------------------------------------------------------
            <summary>
            An abstract class for the data access layer
            </summary>
            -----------------------------------------------------------------------------
        </member>
        <member name="T:DotNetNuke.Modules.Ourspace_RegistrationWelcome.Components.FeatureController">
            -----------------------------------------------------------------------------
            <summary>
            The Controller class for Ourspace_RegistrationWelcome
            </summary>
            -----------------------------------------------------------------------------
        </member>
        <member name="M:DotNetNuke.Modules.Ourspace_RegistrationWelcome.Components.FeatureController.ExportModule(System.Int32)">
            -----------------------------------------------------------------------------
            <summary>
            ExportModule implements the IPortable ExportModule Interface
            </summary>
            <param name="ModuleID">The Id of the module to be exported</param>
            -----------------------------------------------------------------------------
        </member>
        <member name="M:DotNetNuke.Modules.Ourspace_RegistrationWelcome.Components.FeatureController.ImportModule(System.Int32,System.String,System.String,System.Int32)">
            -----------------------------------------------------------------------------
            <summary>
            ImportModule implements the IPortable ImportModule Interface
            </summary>
            <param name="ModuleID">The Id of the module to be imported</param>
            <param name="Content">The content to be imported</param>
            <param name="Version">The version of the module to be imported</param>
            <param name="UserId">The Id of the user performing the import</param>
            -----------------------------------------------------------------------------
        </member>
        <member name="M:DotNetNuke.Modules.Ourspace_RegistrationWelcome.Components.FeatureController.GetSearchItems(DotNetNuke.Entities.Modules.ModuleInfo)">
            -----------------------------------------------------------------------------
            <summary>
            GetSearchItems implements the ISearchable Interface
            </summary>
            <param name="ModInfo">The ModuleInfo for the module to be Indexed</param>
            -----------------------------------------------------------------------------
        </member>
        <member name="M:DotNetNuke.Modules.Ourspace_RegistrationWelcome.Components.FeatureController.UpgradeModule(System.String)">
            -----------------------------------------------------------------------------
            <summary>
            UpgradeModule implements the IUpgradeable Interface
            </summary>
            <param name="Version">The current version of the module</param>
            -----------------------------------------------------------------------------
        </member>
    </members>
</doc>
