<?xml version="1.0"?>
<doc>
    <assembly>
        <name>Ourspace_Phase1ThreadInfo</name>
    </assembly>
    <members>
        <member name="T:DotNetNuke.Modules.Ourspace_Phase1ThreadInfo.Data.DataProvider">
            -----------------------------------------------------------------------------
            <summary>
            An abstract class for the data access layer
            </summary>
            -----------------------------------------------------------------------------
        </member>
        <member name="T:DotNetNuke.Modules.Ourspace_Phase1ThreadInfo.View">
            -----------------------------------------------------------------------------
            <summary>
            The ViewOurspace_Phase1ThreadInfo class displays the content
            </summary>
            -----------------------------------------------------------------------------
        </member>
        <member name="F:DotNetNuke.Modules.Ourspace_Phase1ThreadInfo.View.lblPhase1Instructions">
            <summary>
            lblPhase1Instructions control.
            </summary>
            <remarks>
            Auto-generated field.
            To modify move field declaration from designer file to code-behind file.
            </remarks>
        </member>
        <member name="F:DotNetNuke.Modules.Ourspace_Phase1ThreadInfo.View.lnkbtn_RejectThread">
            <summary>
            lnkbtn_RejectThread control.
            </summary>
            <remarks>
            Auto-generated field.
            To modify move field declaration from designer file to code-behind file.
            </remarks>
        </member>
        <member name="F:DotNetNuke.Modules.Ourspace_Phase1ThreadInfo.View.lnkbtn_ApproveThread">
            <summary>
            lnkbtn_ApproveThread control.
            </summary>
            <remarks>
            Auto-generated field.
            To modify move field declaration from designer file to code-behind file.
            </remarks>
        </member>
        <member name="F:DotNetNuke.Modules.Ourspace_Phase1ThreadInfo.View.lstvwRejectionReason">
            <summary>
            lstvwRejectionReason control.
            </summary>
            <remarks>
            Auto-generated field.
            To modify move field declaration from designer file to code-behind file.
            </remarks>
        </member>
        <member name="F:DotNetNuke.Modules.Ourspace_Phase1ThreadInfo.View.pnlRejectThread">
            <summary>
            pnlRejectThread control.
            </summary>
            <remarks>
            Auto-generated field.
            To modify move field declaration from designer file to code-behind file.
            </remarks>
        </member>
        <member name="F:DotNetNuke.Modules.Ourspace_Phase1ThreadInfo.View.Label1">
            <summary>
            Label1 control.
            </summary>
            <remarks>
            Auto-generated field.
            To modify move field declaration from designer file to code-behind file.
            </remarks>
        </member>
        <member name="F:DotNetNuke.Modules.Ourspace_Phase1ThreadInfo.View.rdbtnlst_RejectionReasons">
            <summary>
            rdbtnlst_RejectionReasons control.
            </summary>
            <remarks>
            Auto-generated field.
            To modify move field declaration from designer file to code-behind file.
            </remarks>
        </member>
        <member name="F:DotNetNuke.Modules.Ourspace_Phase1ThreadInfo.View.txtRejectionComment">
            <summary>
            txtRejectionComment control.
            </summary>
            <remarks>
            Auto-generated field.
            To modify move field declaration from designer file to code-behind file.
            </remarks>
        </member>
        <member name="F:DotNetNuke.Modules.Ourspace_Phase1ThreadInfo.View.lnkBtnCancelRejection">
            <summary>
            lnkBtnCancelRejection control.
            </summary>
            <remarks>
            Auto-generated field.
            To modify move field declaration from designer file to code-behind file.
            </remarks>
        </member>
        <member name="F:DotNetNuke.Modules.Ourspace_Phase1ThreadInfo.View.lnkBtn_SubmitRejection">
            <summary>
            lnkBtn_SubmitRejection control.
            </summary>
            <remarks>
            Auto-generated field.
            To modify move field declaration from designer file to code-behind file.
            </remarks>
        </member>
        <member name="F:DotNetNuke.Modules.Ourspace_Phase1ThreadInfo.View.sqldtsrc_RejectionReason">
            <summary>
            sqldtsrc_RejectionReason control.
            </summary>
            <remarks>
            Auto-generated field.
            To modify move field declaration from designer file to code-behind file.
            </remarks>
        </member>
        <member name="F:DotNetNuke.Modules.Ourspace_Phase1ThreadInfo.View.sqldtsrc_GetRejectionReasons">
            <summary>
            sqldtsrc_GetRejectionReasons control.
            </summary>
            <remarks>
            Auto-generated field.
            To modify move field declaration from designer file to code-behind file.
            </remarks>
        </member>
        <member name="M:DotNetNuke.Modules.Ourspace_Phase1ThreadInfo.View.Page_Load(System.Object,System.EventArgs)">
            -----------------------------------------------------------------------------
            <summary>
            Page_Load runs when the control is loaded
            </summary>
            -----------------------------------------------------------------------------
        </member>
        <member name="T:DotNetNuke.Modules.Ourspace_Phase1ThreadInfo.Components.FeatureController">
            -----------------------------------------------------------------------------
            <summary>
            The Controller class for Ourspace_Phase1ThreadInfo
            </summary>
            -----------------------------------------------------------------------------
        </member>
        <member name="M:DotNetNuke.Modules.Ourspace_Phase1ThreadInfo.Components.FeatureController.ExportModule(System.Int32)">
            -----------------------------------------------------------------------------
            <summary>
            ExportModule implements the IPortable ExportModule Interface
            </summary>
            <param name="ModuleID">The Id of the module to be exported</param>
            -----------------------------------------------------------------------------
        </member>
        <member name="M:DotNetNuke.Modules.Ourspace_Phase1ThreadInfo.Components.FeatureController.ImportModule(System.Int32,System.String,System.String,System.Int32)">
            -----------------------------------------------------------------------------
            <summary>
            ImportModule implements the IPortable ImportModule Interface
            </summary>
            <param name="ModuleID">The Id of the module to be imported</param>
            <param name="Content">The content to be imported</param>
            <param name="Version">The version of the module to be imported</param>
            <param name="UserId">The Id of the user performing the import</param>
            -----------------------------------------------------------------------------
        </member>
        <member name="M:DotNetNuke.Modules.Ourspace_Phase1ThreadInfo.Components.FeatureController.GetSearchItems(DotNetNuke.Entities.Modules.ModuleInfo)">
            -----------------------------------------------------------------------------
            <summary>
            GetSearchItems implements the ISearchable Interface
            </summary>
            <param name="ModInfo">The ModuleInfo for the module to be Indexed</param>
            -----------------------------------------------------------------------------
        </member>
        <member name="M:DotNetNuke.Modules.Ourspace_Phase1ThreadInfo.Components.FeatureController.UpgradeModule(System.String)">
            -----------------------------------------------------------------------------
            <summary>
            UpgradeModule implements the IUpgradeable Interface
            </summary>
            <param name="Version">The current version of the module</param>
            -----------------------------------------------------------------------------
        </member>
        <member name="T:DotNetNuke.Modules.Ourspace_Phase1ThreadInfo.Settings">
            -----------------------------------------------------------------------------
            <summary>
            The Settings class manages Module Settings
            </summary>
            -----------------------------------------------------------------------------
        </member>
        <member name="M:DotNetNuke.Modules.Ourspace_Phase1ThreadInfo.Settings.LoadSettings">
            -----------------------------------------------------------------------------
            <summary>
            LoadSettings loads the settings from the Database and displays them
            </summary>
            -----------------------------------------------------------------------------
        </member>
        <member name="M:DotNetNuke.Modules.Ourspace_Phase1ThreadInfo.Settings.UpdateSettings">
            -----------------------------------------------------------------------------
            <summary>
            UpdateSettings saves the modified settings to the Database
            </summary>
            -----------------------------------------------------------------------------
        </member>
        <member name="T:DotNetNuke.Modules.Ourspace_Phase1ThreadInfo.Edit">
            -----------------------------------------------------------------------------
            <summary>
            The EditOurspace_Phase1ThreadInfo class is used to manage content
            </summary>
            -----------------------------------------------------------------------------
            <summary>
            EditOurspace_Phase1ThreadInfo class.
            </summary>
            <remarks>
            Auto-generated class.
            </remarks>
        </member>
        <member name="M:DotNetNuke.Modules.Ourspace_Phase1ThreadInfo.Edit.Page_Load(System.Object,System.EventArgs)">
            -----------------------------------------------------------------------------
            <summary>
            Page_Load runs when the control is loaded
            </summary>
            -----------------------------------------------------------------------------
        </member>
        <member name="T:DotNetNuke.Modules.Ourspace_Phase1ThreadInfo.Data.SqlDataProvider">
            -----------------------------------------------------------------------------
            <summary>
            SQL Server implementation of the abstract DataProvider class
            </summary>
            -----------------------------------------------------------------------------
        </member>
    </members>
</doc>
